# GRCh38 primary-assembly sequences: RefSeq accession, length, and the contig
# names that denote it (UCSC and Ensembl/NCBI styles). Checked against NCBI
# nuccore (GRCh38.p14) on 2026-09-25. Patch and alt contigs are deliberately
# absent: a record on one of them is not linked.
# accession	length	names
NC_000001.11	248956422	chr1,1
NC_000002.12	242193529	chr2,2
NC_000003.12	198295559	chr3,3
NC_000004.12	190214555	chr4,4
NC_000005.10	181538259	chr5,5
NC_000006.12	170805979	chr6,6
NC_000007.14	159345973	chr7,7
NC_000008.11	145138636	chr8,8
NC_000009.12	138394717	chr9,9
NC_000010.11	133797422	chr10,10
NC_000011.10	135086622	chr11,11
NC_000012.12	133275309	chr12,12
NC_000013.11	114364328	chr13,13
NC_000014.9	107043718	chr14,14
NC_000015.10	101991189	chr15,15
NC_000016.10	90338345	chr16,16
NC_000017.11	83257441	chr17,17
NC_000018.10	80373285	chr18,18
NC_000019.10	58617616	chr19,19
NC_000020.11	64444167	chr20,20
NC_000021.9	46709983	chr21,21
NC_000022.11	50818468	chr22,22
NC_000023.11	156040895	chrX,X
NC_000024.10	57227415	chrY,Y
NC_012920.1	16569	chrM,MT,M
